<?xml version="1.0" encoding="UTF-8"?>
<project-private xmlns="http://www.netbeans.org/ns/project-private/1">
    <editor-bookmarks xmlns="http://www.netbeans.org/ns/editor-bookmarks/2" lastBookmarkId="0"/>
    <open-files xmlns="http://www.netbeans.org/ns/projectui-open-files/2">
        <group>
            <file>file:/F:/SoD%20things/Java/Projects/UniversityFoodOrderingSystem/src/universityfoodorderingsystem/Scenes/DeliveryRunner_ViewDeliveryHistory.fxml</file>
            <file>file:/F:/SoD%20things/Java/Projects/UniversityFoodOrderingSystem/src/universityfoodorderingsystem/ModelClasses/TopUpReceipt.java</file>
            <file>file:/F:/SoD%20things/Java/Projects/UniversityFoodOrderingSystem/src/universityfoodorderingsystem/ModelClasses/Customer.java</file>
            <file>file:/F:/SoD%20things/Java/Projects/UniversityFoodOrderingSystem/src/universityfoodorderingsystem/Scenes/Administrator_DashboardController.java</file>
            <file>file:/F:/SoD%20things/Java/Projects/UniversityFoodOrderingSystem/src/universityfoodorderingsystem/ModelClasses/DeliveryOrderView.java</file>
            <file>file:/F:/SoD%20things/Java/Projects/UniversityFoodOrderingSystem/src/universityfoodorderingsystem/Scenes/Customer_CurrentOrders.fxml</file>
            <file>file:/F:/SoD%20things/Java/Projects/UniversityFoodOrderingSystem/src/universityfoodorderingsystem/ModelClasses/VendorOrderView.java</file>
            <file>file:/F:/SoD%20things/Java/Projects/UniversityFoodOrderingSystem/src/universityfoodorderingsystem/ModelClasses/OrderItem.java</file>
            <file>file:/F:/SoD%20things/Java/Projects/UniversityFoodOrderingSystem/src/universityfoodorderingsystem/Scenes/LoginController.java</file>
            <file>file:/F:/SoD%20things/Java/Projects/UniversityFoodOrderingSystem/src/universityfoodorderingsystem/Scenes/Vendor_DashboardController.java</file>
            <file>file:/F:/SoD%20things/Java/Projects/UniversityFoodOrderingSystem/src/universityfoodorderingsystem/Scenes/Customer_OrderHistoryController.java</file>
            <file>file:/F:/SoD%20things/Java/Projects/UniversityFoodOrderingSystem/src/universityfoodorderingsystem/Scenes/Customer_OrderPageController.java</file>
            <file>file:/F:/SoD%20things/Java/Projects/UniversityFoodOrderingSystem/src/universityfoodorderingsystem/Scenes/Customer_OrderHistory.fxml</file>
            <file>file:/F:/SoD%20things/Java/Projects/UniversityFoodOrderingSystem/src/universityfoodorderingsystem/Scenes/Vendor_ViewOrdersController.java</file>
            <file>file:/F:/SoD%20things/Java/Projects/UniversityFoodOrderingSystem/src/universityfoodorderingsystem/Scenes/Vendor_OrderHistory.fxml</file>
            <file>file:/F:/SoD%20things/Java/Projects/UniversityFoodOrderingSystem/src/universityfoodorderingsystem/Scenes/Vendor_ViewOrders.fxml</file>
            <file>file:/F:/SoD%20things/Java/Projects/UniversityFoodOrderingSystem/src/universityfoodorderingsystem/ModelClasses/SignUpReq_DeliveryRunner.java</file>
            <file>file:/F:/SoD%20things/Java/Projects/UniversityFoodOrderingSystem/src/universityfoodorderingsystem/Scenes/Customer_DashboardController.java</file>
            <file>file:/F:/SoD%20things/Java/Projects/UniversityFoodOrderingSystem/src/universityfoodorderingsystem/Scenes/Customer_creditTopUpController.java</file>
            <file>file:/F:/SoD%20things/Java/Projects/UniversityFoodOrderingSystem/src/universityfoodorderingsystem/ModelClasses/SignUpReq_Customer.java</file>
            <file>file:/F:/SoD%20things/Java/Projects/UniversityFoodOrderingSystem/src/universityfoodorderingsystem/ModelClasses/DeliveredOrders.java</file>
            <file>file:/F:/SoD%20things/Java/Projects/UniversityFoodOrderingSystem/src/universityfoodorderingsystem/ModelClasses/VendorReq.java</file>
            <file>file:/F:/SoD%20things/Java/Projects/UniversityFoodOrderingSystem/src/universityfoodorderingsystem/Scenes/Vendor_OrderHistoryController.java</file>
            <file>file:/F:/SoD%20things/Java/Projects/UniversityFoodOrderingSystem/src/universityfoodorderingsystem/ModelClasses/TopUpReq.java</file>
            <file>file:/F:/SoD%20things/Java/Projects/UniversityFoodOrderingSystem/src/universityfoodorderingsystem/Scenes/Vendor_ViewMyProductsController.java</file>
            <file>file:/F:/SoD%20things/Java/Projects/UniversityFoodOrderingSystem/src/universityfoodorderingsystem/Scenes/Admin_ManageUsersSceneController.java</file>
            <file>file:/F:/SoD%20things/Java/Projects/UniversityFoodOrderingSystem/src/universityfoodorderingsystem/Scenes/Admin_VendorRequestsController.java</file>
            <file>file:/F:/SoD%20things/Java/Projects/UniversityFoodOrderingSystem/src/universityfoodorderingsystem/ModelClasses/User.java</file>
            <file>file:/F:/SoD%20things/Java/Projects/UniversityFoodOrderingSystem/src/universityfoodorderingsystem/Scenes/Admin_topupReqs.fxml</file>
            <file>file:/F:/SoD%20things/Java/Projects/UniversityFoodOrderingSystem/src/universityfoodorderingsystem/Scenes/Admin_CustomerRequestsController.java</file>
            <file>file:/F:/SoD%20things/Java/Projects/UniversityFoodOrderingSystem/src/universityfoodorderingsystem/Scenes/Customer_ShowAllProductsController.java</file>
            <file>file:/F:/SoD%20things/Java/Projects/UniversityFoodOrderingSystem/test/universityfoodorderingsystem/Scenes/Admin_UpdateDeleteControllerTest.java</file>
            <file>file:/F:/SoD%20things/Java/Projects/UniversityFoodOrderingSystem/src/universityfoodorderingsystem/Scenes/Admin_UpdateDeleteController.java</file>
            <file>file:/F:/SoD%20things/Java/Projects/UniversityFoodOrderingSystem/src/universityfoodorderingsystem/Scenes/SignUp.fxml</file>
            <file>file:/F:/SoD%20things/Java/Projects/UniversityFoodOrderingSystem/src/universityfoodorderingsystem/Scenes/DeliveryRunner_ViewDeliveryHistoryController.java</file>
            <file>file:/F:/SoD%20things/Java/Projects/UniversityFoodOrderingSystem/src/universityfoodorderingsystem/ModelClasses/Product.java</file>
            <file>file:/F:/SoD%20things/Java/Projects/UniversityFoodOrderingSystem/src/universityfoodorderingsystem/Scenes/Vendor_AddProductController.java</file>
            <file>file:/F:/SoD%20things/Java/Projects/UniversityFoodOrderingSystem/src/universityfoodorderingsystem/Scenes/Vendor_RevinueDashboardController.java</file>
            <file>file:/F:/SoD%20things/Java/Projects/UniversityFoodOrderingSystem/src/universityfoodorderingsystem/ModelClasses/Administrator.java</file>
            <file>file:/F:/SoD%20things/Java/Projects/UniversityFoodOrderingSystem/src/universityfoodorderingsystem/Scenes/DeliveryRunner_ViewDeliverysController.java</file>
            <file>file:/F:/SoD%20things/Java/Projects/UniversityFoodOrderingSystem/src/universityfoodorderingsystem/Scenes/Admin_topupReqsController.java</file>
            <file>file:/F:/SoD%20things/Java/Projects/UniversityFoodOrderingSystem/src/universityfoodorderingsystem/Scenes/Admin_DeliveryRunnerRequestsController.java</file>
            <file>file:/F:/SoD%20things/Java/Projects/UniversityFoodOrderingSystem/src/universityfoodorderingsystem/ModelClasses/Vendor.java</file>
            <file>file:/F:/SoD%20things/Java/Projects/UniversityFoodOrderingSystem/src/universityfoodorderingsystem/Scenes/Customer_CurrentOrdersController.java</file>
            <file>file:/F:/SoD%20things/Java/Projects/UniversityFoodOrderingSystem/src/universityfoodorderingsystem/ModelClasses/DeliveryRunner.java</file>
            <file>file:/F:/SoD%20things/Java/Projects/UniversityFoodOrderingSystem/src/universityfoodorderingsystem/Scenes/DeliveryRunner_DashboardController.java</file>
            <file>file:/F:/SoD%20things/Java/Projects/UniversityFoodOrderingSystem/src/universityfoodorderingsystem/UniversityFoodOrderingSystem.java</file>
            <file>file:/F:/SoD%20things/Java/Projects/UniversityFoodOrderingSystem/src/universityfoodorderingsystem/ModelClasses/Order.java</file>
            <file>file:/F:/SoD%20things/Java/Projects/UniversityFoodOrderingSystem/src/universityfoodorderingsystem/Scenes/SignUpController.java</file>
        </group>
    </open-files>
</project-private>
